Year,T5APY
2011,10.189708
2012,10.83475
2013,10.63475
2014,9.746
2015,10.35
2016,9.1
2017,8.704
2018,10.284738
2019,12.75
2020,14.323175
2021,14.223175
2022,14.223175
