Year,T5APY
2011,11.163014
2012,12.532365
2013,13.332222
2014,13.332222
2015,14.69167
2016,14.370042
2017,15.390242
2018,16.78
2019,18.75
2020,21.705
2021,20.905
2022,27.39
